Title,URL,Date
What Is Data Scraping And How Can You Use It? | Target ...,https://www.targetinternet.com/what-is-data-scraping-and-how-can-you-use-it/,13 Eyl 2017 · Lucy Provost tarafından yüklendi
What is data scraping? - YouTube,https://www.youtube.com/watch?v=COeMzrSYgvw,30 Eki 2020 · The Hindu tarafından yüklendi
What is DATA SCRAPING? - YouTube,https://www.youtube.com/watch?v=omTtMylcWOI,21 Eyl 2017 · The Audiopedia tarafından yüklendi
Data Scraping for SEO & Analytics - Tutorial - Optimize Smart,https://www.optimizesmart.com/data-scraping-guide-for-seo/,7 Eki 2011 · Garrett French CL tarafından yüklendi
Top 30 Free Web Scraping Software in 2020 | Octoparse,https://www.octoparse.com/blog/top-30-free-web-scraping-software,19 May 2020 · Octoparse tarafından yüklendi
20 best web scraping tools for 2020 - ScrapingBee,https://www.scrapingbee.com/blog/web-scraping-tools/,19 Şub 2020 · Web Scraper tarafından yüklendi
Best Data Scraping Tools for 2020 (Top 10 Reviews) | Octoparse,https://www.octoparse.com/blog/best-data-scraping-tools-for-2019-top-10-reviews,3 Haz 2019 · Octoparse tarafından yüklendi
2.2. UiPath Data Scraping ile Sayfalanmış Web ... - YouTube,https://www.youtube.com/watch?v=-v-WbAZE_j0,2 Ara 2019 · Yiğit Dizer tarafından yüklendi
PYTHON'da WEB SCRAPING ve DATA PARSER ... - YouTube,https://www.youtube.com/watch?v=PWNjEv1nn1E,17 May 2020 · Yazilimci Bizim Hoca tarafından yüklendi
Web Data Extraction Automation - UiPath,https://www.uipath.com/developers/video-tutorials/web-data-extraction-automation,16 Kas 2020 · UiPath tarafından yüklendi
What is Web Scraping and What is it Used For? | ParseHub,https://www.parsehub.com/blog/what-is-web-scraping/,6 Ağu 2019 · ParseHub tarafından yüklendi
What is Web Scraping and How Does Web Crawling Work?,https://www.scrapinghub.com/what-is-web-scraping/,17 Kas 2020 · Scrapinghub tarafından yüklendi
5 Best Web Scraping Tools in 2020! - YouTube,https://www.youtube.com/watch?v=QbkXCkcmHJI,8 Nis 2019 · Octoparse tarafından yüklendi
What is a present-day web scraper? | Towards Data Science,https://towardsdatascience.com/what-is-a-present-day-scraper-e2c3d3b79648,5 Haz 2020 · Dmitry Narizhnykh tarafından yüklendi
Web Scraping Software - UiPath,https://www.uipath.com/solutions/technology/web-scraping-software,16 Kas 2020 · UiPath tarafından yüklendi
Screen Scraping Software - RPA | UiPath,https://www.uipath.com/solutions/technology/screen-scraping,15 Nis 2014 · UiPath tarafından yüklendi
Top 5 Social Media Scraping Tools for 2020 | Octoparse,https://www.octoparse.com/blog/top-5-social-media-scraping-tools-for-2018,17 Eki 2018 · Octoparse tarafından yüklendi
Best Data Scraping Tools for 2020 (Top 10 Reviews) | by ...,https://medium.com/datadriveninvestor/best-data-scraping-tools-for-2019-top-10-reviews-4a686061a184,6 May 2019 · Octoparse tarafından yüklendi
Watch | What is data scraping? - The Hindu,https://www.thehindu.com/sci-tech/technology/what-is-data-scraping/article32908610.ece,21 Eki 2020
Python - Web Scraping [Web Kazıma] Nasıl Yapılır? - YouTube,https://www.youtube.com/watch?v=nsOTnsMPm44,10 Kas 2019 · Onur Eroğlu tarafından yüklendi
ImportFromWeb | Easy Web Scraping - Google Workspace ...,https://workspace.google.com/marketplace/app/importfromweb_easy_web_scraping/278587576794,10 Oca 2020 · NoDataNoBusiness tarafından yüklendi
Automate Web Data Extraction and Data Scraping ...,https://www.helpsystems.com/product-lines/automate/data-scraping-extraction,6 Eyl 2015
Examples of Businesses Who Use Data Scraping | Octoparse,https://www.octoparse.com/blog/examples-of-who-use-data-scraping,2 Mar 2020 · Octoparse tarafından yüklendi
Tutorial - How to Scrape Data from Websites with ... - YouTube,https://www.youtube.com/watch?v=Zrq5E0zagGw,4 Ara 2019 · Derek Caelin tarafından yüklendi
Screen Scraping That Works For You - UiPath,https://www.uipath.com/blog/screen-scraping-that-works-for-you,5 Kas 2014 · UiPath tarafından yüklendi
Web Scraper intro tutorial - YouTube,https://www.youtube.com/watch?v=n7fob_XVsbY,25 Haz 2019 · Web Scraper tarafından yüklendi
"Automate Data Extraction – Web Scraping, Screen ... - YouTube",https://www.youtube.com/watch?v=NwhG7e67sHo,20 Tem 2016 · HelpSystems tarafından yüklendi
EBF video: What is screen-scraping? - EBF,https://www.ebf.eu/retail-payments/what-is-screen-scraping/,16 May 2017
UiPath Data Scraping (Web Page to Excel) - Tutorial - YouTube,https://www.youtube.com/watch?v=vIAJvk4quqA,22 Oca 2020 · Anders Jensen tarafından yüklendi
Advanced Web Scraping - YouTube,https://www.youtube.com/watch?v=sZiwK9kHXI8,23 Nis 2019 · Foxtrot RPA tarafından yüklendi
Automated data scraping from websites into Excel - YouTube,https://www.youtube.com/watch?v=qbOdUaf4yfI,3 Kas 2012 · Dinesh Kumar Takyar tarafından yüklendi
Web Scraping vs API: What's the Difference? | ParseHub,https://www.parsehub.com/blog/web-scraping-vs-api/,9 Mar 2020 · ParseHub tarafından yüklendi
5 Top Tips for Data Scraping Using Selenium in Python | by ...,https://towardsdatascience.com/5-top-tips-for-data-scraping-using-selenium-d8b83804681c,9 Ağu 2020 · Stephen Fordham tarafından yüklendi
Web Scraping Tool | Free Browser Extensions | Grepsr,https://www.grepsr.com/browser-extensions/,9 Haz 2016
5 मिनट में Web scrapping || Instant data ... - YouTube,https://www.youtube.com/watch?v=_Ho1FXYngnw,28 Haz 2019 · Helping Abhi tarafından yüklendi
Data Scraping | Gavagai,https://www.gavagai.io/solutions/scraping/,24 Oca 2020 · Gavagai tarafından yüklendi
"Big Data: What Is Web Scraping, and Why Does It Matter ...",https://www.octoparse.com/blog/big-data-what-is-web-scraping-and-why-does-it-matter,24 Şub 2020 · Octoparse tarafından yüklendi
Web Scraping vs. Data API Scraping - YouTube,https://www.youtube.com/watch?v=zj7pXM9gE5M,31 May 2020 · Stevesie Data tarafından yüklendi
"Aliexpress.com Data Scraper - Product, Sales",https://chrome.google.com/webstore/detail/aliexpresscom-data-scrape/efdocbnnjppiplaodfpijfknfemnabgf?hl=en-GB,27 Tem 2020 · datasunday channel tarafından yüklendi
Web Scraping Examples: How are Businesses Using Web ...,https://www.parsehub.com/blog/web-scraping-examples/,28 Eki 2019 · ParseHub tarafından yüklendi
Web Crawling vs Web Scraping: The Differences - Blog ...,https://oxylabs.io/blog/crawling-vs-scraping,17 Ara 2020 · Oxylabs tarafından yüklendi
Data Scraping and Mining From Websites Free No ... - YouTube,https://www.youtube.com/watch?v=CKRjXZSgg-g,21 Şub 2017 · Just2 Techno tarafından yüklendi
10 Myths about Web Scraping [NEW] | Octoparse,https://www.octoparse.com/blog/10-myths-about-web-scraping,30 Tem 2019 · Octoparse tarafından yüklendi
Is Web Scraping Easy? How to Scrape Data without Coding ...,https://www.parsehub.com/blog/web-scraping-easy/,10 Şub 2020 · ParseHub tarafından yüklendi
Web Scraping Tutorial - How to Seed your ... - YouTube,https://www.youtube.com/watch?v=_opDs6UPDyo,10 Mar 2017 · Fullstack Academy tarafından yüklendi
Data Scraping Automation Webinar | HelpSystems,https://www.helpsystems.com/resources/on-demand-webinars/automate-data-scraping,24 Şub 2017
Can you Make Money from Web Scraping? Of Course ...,https://www.parsehub.com/blog/web-scraping-money/,30 Mar 2020 · ParseHub tarafından yüklendi
Web Scraping vs Data Mining: What's the Difference ...,https://www.parsehub.com/blog/web-scraping-vs-data-mining/,2 Mar 2020 · ParseHub tarafından yüklendi
Extract Data from any Website using Data Scraper ... - YouTube,https://www.youtube.com/watch?v=B7yyemwCf7g,11 Kas 2017 · ITfriend tarafından yüklendi
Scraping Tables - YouTube,https://www.youtube.com/watch?v=gGk58BKTjfA,6 Nis 2018 · Data Miner tarafından yüklendi
11 Popular Cloud-based Web Scraping Solutions - Geekflare,https://geekflare.com/web-scraping-tools/,27 Kas 2020 · Web Scraper tarafından yüklendi
Scraping and Cleaning Data | Journalist's Toolbox,https://www.journaliststoolbox.org/2020/12/16/find-scrape-and-clean-data/,16 Ara 2020 · journaliststoolbox tarafından yüklendi
The Essential Guide To Web Scraping Tools | Understanding ...,https://understandingdata.com/web-scraping-tools/,27 Mar 2020 · ParseHub tarafından yüklendi
How to Scrape Product Data from eBay | ParseHub,https://www.parsehub.com/blog/scrape-ebay-data/,27 Tem 2020 · ParseHub tarafından yüklendi
UiPath - How to Data Scrape from a web page and ... - YouTube,https://www.youtube.com/watch?v=96ZfYM3z28w,4 Nis 2020 · Anders Jensen tarafından yüklendi
What is Web Scraping and Who is Using it? | Octoparse,https://www.octoparse.com/blog/what-is-web-scraping,27 Ağu 2018 · Octoparse tarafından yüklendi
SSAC19: Data Scraping with Python 3 - YouTube,https://www.youtube.com/watch?v=9uILyHkR4cw,11 Mar 2019 · 42 Analytics tarafından yüklendi
Web Scraping Tool to Extract Data from Websites - Agenty,https://www.agenty.com/products/scraping-agent/,30 Eki 2019 · Agenty tarafından yüklendi
Data Scraping and Visualizing using Instant Data Scraper ...,https://osintcurio.us/2020/04/15/data-scraping-and-visualizing-using-instant-data-scraper-viewdns-info-and-maltego/,15 Nis 2020 · The OSINT Curious Project tarafından yüklendi
Data Scraping and Analysis using Python | by Jasmeet Singh ...,https://towardsdatascience.com/competitive-price-data-scraping-and-analysis-using-python-a1f34758155,24 May 2020 · Miguel Albrecht tarafından yüklendi
Data Scraping to Excel - UiPath Tutorial for ... - YouTube,https://www.youtube.com/watch?v=kOPfG44-CBw,13 Tem 2020 · Anders Jensen tarafından yüklendi
What is WEB SCRAPING? - YouTube,https://www.youtube.com/watch?v=7IUfRVYew-o,20 Oca 2017 · The Audiopedia tarafından yüklendi
Automate Web Data Extraction - UiPath Studio - YouTube,https://www.youtube.com/watch?v=m_PkWeHSOrE,6 Eki 2014 · UiPath tarafından yüklendi
How to Scrape a Website that Requires Login | ParseHub,https://www.parsehub.com/blog/web-scrape-login/,20 Oca 2020 · ParseHub tarafından yüklendi
How to Scrape Data from any Ecommerce Website | ParseHub,https://www.parsehub.com/blog/scrape-ecommerce-website/,3 Haz 2020 · ParseHub tarafından yüklendi
News from OpenRPA and Data Scraping to Excel ... - YouTube,https://www.youtube.com/watch?v=9E_jIxxITpQ,22 Nis 2020 · Anders Jensen tarafından yüklendi
Effective Data Scraping Tools to Use If You Can't Write Code ...,https://advdms.com/blog/effective-data-scraping-tools-to-use-if-you-cant-write-code/,23 Ara 2019 · Advanced Digital Media Services tarafından yüklendi
How to Scrape Data from any Ecommerce Website ... - YouTube,https://www.youtube.com/watch?v=1o9E-I1HPok,4 Haz 2020 · ParseHub tarafından yüklendi
LinkedIn Scraper | LinkedIn Data Extractor Software Tool,https://scrapingexpert.com/linkedin-scraper/,8 Ağu 2014
Web Scraping : Extract Any Data in 5 Minutes | by Jeevan ...,https://medium.com/@jeevanchavan143/web-scraping-extract-any-data-in-5-minutes-67c8ec01d704,1 May 2020 · jeevan chavan tarafından yüklendi
QVC Can't Stop Web Scraping - Forbes,https://www.forbes.com/sites/ericgoldman/2015/03/24/qvc-cant-stop-web-scraping/,24 Mar 2015
Data Mining and Scraping - Digital Marketing Lesson - DMI,https://digitalmarketinginstitute.com/resources/lessons/analytics_data-mining-and-scraping_3hhd?search%5Bpage%5D=6,26 Haz 2020
PDF Data Scraping - YouTube,https://www.youtube.com/watch?v=SC1kZivH_Sg,9 Eki 2018 · Team PDFix tarafından yüklendi
"How to Scrape Amazon Product Data for Free: Names, Pricing ...",https://www.parsehub.com/blog/scrape-amazon-product-data/,9 Kas 2020 · ParseHub tarafından yüklendi
Seven tools for web scraping – To use for data journalism ...,https://www.notprovided.eu/7-tools-web-scraping-use-data-journalism-creating-insightful-content/,21 Oca 2014
Practical Introduction to Web Scraping in R | R-bloggers,https://www.r-bloggers.com/2019/04/practical-introduction-to-web-scraping-in-r/,10 Nis 2019 · Rsquared Academy tarafından yüklendi
5 Reasons Why Web Scraping May Benefit Your Business ...,https://www.octoparse.com/blog/why-web-scraping-may-benefit-your-business,17 Ara 2019 · Octoparse tarafından yüklendi
XPath Data Scraping Tutorial - YouTube,https://www.youtube.com/watch?v=aaN2J6JGv6U,17 Oca 2014 · Matthew Barby tarafından yüklendi
Screen Scraping Any Desktop Application - UiPath,https://www.uipath.com/developers/video-tutorials/screen-scraping-desktop-application,16 Kas 2020 · UiPath tarafından yüklendi
Data Scraping In UiPath Rpa Example - YouTube,https://www.youtube.com/watch?v=WtyiwEVF2-w,30 May 2019 · KB Tutorials tarafından yüklendi
Extract Website Data | Web Scraping Data - YouTube,https://www.youtube.com/watch?v=BEvRZUEQ3Dc,30 Nis 2020 · Cambo Tutorial tarafından yüklendi
The A-Z of Web Scraping in 2020 [A How-To Guide] - DZone ...,https://dzone.com/articles/the-a-z-of-web-scraping-in-2020-a-how-to-guide,1 Eyl 2020 · Dmitry Narizhnykh tarafından yüklendi
Simple Data Scraping with a Windows VM (on Mac ... - Medium,https://medium.com/@realtoughcandy/simple-data-scraping-with-a-windows-vm-on-mac-mozenda-web-scraper-4933b56277f0,23 Mar 2019
Web Scraping Benefits - Diffbot,https://www.diffbot.com/web-scraping/,17 Ara 2020 · Diffbot tarafından yüklendi
Creating a horse racing Tableau dashboard from data scraping,https://www.import.io/post/data-scraping-horse-racing/,13 Nis 2018 · Craig S Dewar tarafından yüklendi
How to Scrape Websites at Large Scale (2020 Guide ...,https://www.octoparse.com/blog/scrape-websites-at-large-scale,3 Şub 2020 · Octoparse tarafından yüklendi
How To Scrape Data From A Website Into Excel - YouTube,https://www.youtube.com/watch?v=YQbe20G0ZSM,6 Oca 2018 · Md Al Amin tarafından yüklendi
How to Scrape Data from a News Website | ParseHub,https://www.parsehub.com/blog/scrape-news-website/,11 Haz 2020 · ParseHub tarafından yüklendi
Scrape The Internet To Get Training Data For Your Machine ...,https://blog.datahut.co/scrape-the-internet-to-get-training-data-for-your-machine-learning-model/,26 May 2017
Tidy web scraping in R — Tutorial and resources | by Keith ...,https://towardsdatascience.com/tidy-web-scraping-in-r-tutorial-and-resources-ac9f72b4fe47,28 Tem 2019 · Yrrah0015 tarafından yüklendi
Web scraping: Reliably and efficiently pull data ... - YouTube,https://www.youtube.com/watch?v=52wxGESwQSA,9 Mar 2012 · Next Day Video tarafından yüklendi
Selenium ile Web Scraping (Kazıma) | by Cem Ayan | Deep ...,https://medium.com/deep-learning-turkiye/selenium-ile-web-scraping-kaz%C4%B1ma-cb5cbb48c7bf,24 Eyl 2018 · Scott Daggett tarafından yüklendi
3 Most Practical Uses of eCommerce Data Scraping Tools ...,https://www.octoparse.com/blog/3-most-practical-uses-of-ecommerce-data-scraping-tools,21 Eyl 2020 · Octoparse tarafından yüklendi
The A-Z of Web Scraping in 2020 [A How-To Guide],https://dataflowkit.com/blog/what-is-a-present-day-web-scraper/,7 Haz 2020 · Dmitry Narizhnykh tarafından yüklendi
Data Scraping Services | F6S,https://www.f6s.com/datascrapingservices,8 Oca 2017
Scraping Data from Website to Excel (Tutorial 2020) | Octoparse,https://www.octoparse.com/blog/scraping-data-from-website-to-excel,1 Şub 2020 · Octoparse tarafından yüklendi
How much does Web Scraping cost? | ParseHub,https://www.parsehub.com/blog/web-scraping-cost/,6 Nis 2020 · ParseHub tarafından yüklendi
Real Estate Web Scraping: Changing This Industry - Blog ...,https://oxylabs.io/blog/data-scraping-for-real-estate,11 May 2020 · Oxylabs tarafından yüklendi
Screen Scraping - UiPath,https://www.uipath.com/de/solutions/technology/screen-scraping,9 Ara 2017 · UiPath tarafından yüklendi
Data Mining and Scraping - Digital Marketing Lesson - DMI,https://digitalmarketinginstitute.com/resources/lessons/analytics_data-mining-and-scraping_3hhd?search%5Bpage%5D=7,26 Haz 2020
